{
  "version": "1.0",
  "defaultProvider": "jsdelivr",
  "libraries": [
    {
      "library": "jquery@3.6.0",
      "destination": "wwwroot/lib/jquery/",
      "files": [
        "dist/jquery.js",
        "dist/jquery.min.js"
      ]
    },
    {
      "library": "bootstrap@4.6.0",
      "destination": "wwwroot/lib/bootstrap/",
      "files": [
        "dist/css/bootstrap.css",
        "dist/css/bootstrap.css.map",
        "dist/css/bootstrap.min.css",
        "dist/js/bootstrap.bundle.min.js",
        "dist/js/bootstrap.bundle.js",
        "dist/js/bootstrap.bundle.js.map",
        "dist/js/bootstrap.js",
        "dist/js/bootstrap.min.js"
      ]
    },
    {
      "library": "jquery-validation@1.19.3",
      "destination": "wwwroot/lib/jquery-validation/",
      "files": [
        "dist/jquery.validate.js",
        "dist/jquery.validate.min.js"
      ]
    },
    {
      "library": "jquery-validation-unobtrusive@3.2.12",
      "destination": "wwwroot/lib/jquery-validation-unobtrusive/",
      "files": [
        "dist/jquery.validate.unobtrusive.js",
        "dist/jquery.validate.unobtrusive.min.js"
      ]
    },
    {
      "provider": "cdnjs",
      "library": "bootstrap-select@1.13.18",
      "destination": "wwwroot/lib/bootstrap-select/"
    },
    {
      "library": "daterangepicker@3.1.0",
      "destination": "wwwroot/lib/daterangepicker/",
      "files": [
        "daterangepicker.css",
        "daterangepicker.js",
        "daterangepicker.min.css",
        "daterangepicker.min.js",
        "moment.min.js"
      ]
    },
    {
      "provider": "cdnjs",
      "library": "font-awesome@5.15.3",
      "destination": "wwwroot/lib/font-awesome/"
    },
    {
      "library": "owl.carousel@2.3.4",
      "destination": "wwwroot/lib/owl.carousel/",
      "files": [
        "dist/LICENSE",
        "dist/owl.carousel.js",
        "dist/owl.carousel.min.js",
        "dist/README.md",
        "dist/assets/ajax-loader.gif",
        "dist/assets/owl.carousel.css",
        "dist/assets/owl.carousel.min.css",
        "dist/assets/owl.theme.default.css",
        "dist/assets/owl.theme.default.min.css",
        "dist/assets/owl.theme.green.css",
        "dist/assets/owl.theme.green.min.css",
        "dist/assets/owl.video.play.png"
      ]
    }
  ]
}